effect	group	term	estimate	std.error	statistic	p.value	conf.low	conf.high
fixed	NA	(Intercept)	-0.03861351246815573	0.15603245015647213	-0.24747103842459317	0.8045437025465991	-0.34443149519438215	0.26720447025807065
fixed	NA	scale(abs(baseline_log_odds))	-0.23397939578453794	0.09333901416085177	-2.5067695206349576	0.012184012924441209	-0.41692050189228147	-0.05103828967679441
fixed	NA	variationlakok/lakom	0.08241527394464106	0.2266967290643206	0.3635485800117451	0.7161951300439102	-0.3619021504344617	0.5267326983237438
fixed	NA	scale(i)	0.24512963611745248	0.04928638287522174	4.973577321306918	6.572853976924827e-7	0.14853010075376621	0.34172917148113874
ran_pars	base	sd__(Intercept)	0.7466247867413065	NA	NA	NA	NA	NA
ran_pars	part_id	sd__(Intercept)	0.4133899223134152	NA	NA	NA	NA	NA
