effect	group	term	estimate	std.error	statistic	p.value	conf.low	conf.high
fixed	NA	(Intercept)	-0.02406339660454549	0.1573245570623262	-0.15295384937910525	0.8784346698059756	-0.33241386233042136	0.2842870691213304
fixed	NA	scale(abs_baseline_log_odds)	-0.2614044937133002	0.09323483278102429	-2.8037213766151874	0.005051653910804199	-0.44414140806872215	-0.07866757935787824
fixed	NA	variationlakok/lakom	0.12090205724526258	0.22603284808627472	0.5348871116251004	0.5927279210378265	-0.322114184326849	0.5639182988173742
fixed	NA	scale(i)	0.24442947054723177	0.04837888105454684	5.052400246124736	4.362922325227221e-7	0.14960860606797283	0.3392503350264907
ran_pars	base	sd__(Intercept)	0.7745340048495677	NA	NA	NA	NA	NA
ran_pars	part_id	sd__(Intercept)	0.4116458594297908	NA	NA	NA	NA	NA
