effect	group	term	estimate	std.error	statistic	p.value	conf.low	conf.high
fixed	NA	(Intercept)	-0.007452511788344357	0.2968691814833422	-0.025103689615429244	0.9799722572234211	-0.58930541561558	0.5744003920388913
fixed	NA	trial_kindsecond posttest trial	-0.17535974593834	0.12163464886573376	-1.44169237609187	0.14938917532833926	-0.4137592769873538	0.06303978511067385
fixed	NA	variationlakok/lakom	0.16194767527253168	0.419436777388284	0.38610747555551694	0.6994170736413632	-0.6601333022000488	0.9840286527451123
fixed	NA	scale(baseline_log_odds)	0.37439892000051245	0.04111630592554413	9.105850138348917	8.559342777896063e-20	0.29381244120911515	0.45498539879190975
fixed	NA	trial_kindsecond posttest trial:variationlakok/lakom	0.37684395313325014	0.16231699859659066	2.3216542715272057	0.020251559083667756	0.05870848180529403	0.6949794244612062
ran_pars	base	sd__(Intercept)	0.2051540135766033	NA	NA	NA	NA	NA
ran_pars	part_id	sd__(Intercept)	1.3068166096957117	NA	NA	NA	NA	NA
