effect	group	term	estimate	std.error	statistic	p.value	conf.low	conf.high
fixed	NA	(Intercept)	-0.008253627752474634	0.29730801590530026	-0.027761201551671628	0.9778526107033633	-0.5909666312419245	0.5744593757369753
fixed	NA	trial_kindsecond posttest trial	-0.16582590455986446	0.12105483350020907	-1.3698412509862985	0.17073646202833714	-0.40308901837476696	0.07143720925503808
fixed	NA	variationlakok/lakom	0.16220679794598905	0.4200454798664731	0.38616484576277893	0.6993745872759229	-0.6610672144611425	0.9854808103531205
fixed	NA	scale(baseline_log_odds)	0.3735133284231732	0.04102671271697526	9.104149557384059	8.694491956912787e-20	0.29310244909383026	0.45392420775251613
fixed	NA	trial_kindsecond posttest trial:variationlakok/lakom	0.3672888089807648	0.16182996364869445	2.2695970554506633	0.023232042452487233	0.05010790860989761	0.6844697093516321
ran_pars	base	sd__(Intercept)	0.20415706033314596	NA	NA	NA	NA	NA
ran_pars	part_id	sd__(Intercept)	1.3089261748550016	NA	NA	NA	NA	NA
