set_name	estimate	conf.low	conf.high
cselekszik 1	0.7016460905349794	0.6774285121955015	0.7250485041768944
dzsungel 1	0.7519217330538085	0.7286916653416754	0.7741128560105961
lakik 1	0.7640603566529492	0.7414040930297603	0.7856475965824714
lakik 2	0.7100893997445722	0.6869189300742818	0.7324694894035433
dzsungel 2	0.7137280416395576	0.6904114492513622	0.7362252115112509
cselekszik 2	0.6819923371647509	0.6582824378284551	0.7050178813493242
cselekszik 3	0.7443019943019943	0.7206302035079131	0.7669469195821486
dzsungel 3	0.6823361823361823	0.6572645986028709	0.7066423205409769
lakik 3	0.7592592592592593	0.736011030083648	0.7814173112194311
