effect	group	term	estimate	std.error	statistic	p.value	conf.low	conf.high
fixed	NA	(Intercept)	0.6867128915902431	0.06298651508729051	10.902538275669878	1.1208610982119342e-27	0.5632615905074649	0.8101641926730212
fixed	NA	reg_ratelow	-0.07736036819825572	0.0589650218116106	-1.3119704838813941	0.1895300937103927	-0.19292968729663118	0.03820895090011976
fixed	NA	reg_distreversed	-0.5419716021826747	0.059049414519807435	-9.178272241816668	4.380633487968711e-20	-0.6577063279496738	-0.42623687641567565
fixed	NA	scale(abs_baseline_log_odds_jitter)	0.15512802955786054	0.03865749998059875	4.012883130976278	5.998161394905988e-5	0.07936072186352916	0.2308953372521919
fixed	NA	variationcselekszenek/cselekednek	-0.07648147153259642	0.06728369696703214	-1.1367013850334506	0.2556631401436336	-0.20835509433468624	0.055392151269493414
fixed	NA	scale(i)	0.08461093304730065	0.023075716593477843	3.66666546213413	2.457339369361116e-4	0.03938335960663079	0.12983850648797052
fixed	NA	reg_distreversed:scale(abs_baseline_log_odds_jitter)	-0.5750428796325653	0.049257786307371	-11.674151900458327	1.7278027581619836e-31	-0.6715863667531826	-0.47849939251194795
ran_pars	base	sd__(Intercept)	0.24348472217038966	NA	NA	NA	NA	NA
ran_pars	part_id	sd__(Intercept)	0.24140355338389782	NA	NA	NA	NA	NA
