effect	group	term	estimate	std.error	statistic	p.value	conf.low	conf.high
fixed	NA	(Intercept)	0.6874378410149493	0.06255536871936934	10.98927006727233	4.303926699525009e-28	0.564831571285362	0.8100441107445366
fixed	NA	reg_ratelow	-0.08243771918484522	0.058622419647857714	-1.4062490030272539	0.15965019758473992	-0.19733555038123957	0.03246011201154912
fixed	NA	reg_distreversed	-0.5377533815719139	0.058702791189006204	-9.160610095020894	5.160473036390827e-20	-0.6528087380943413	-0.4226980250494865
fixed	NA	scale(abs_baseline_log_odds_jitter)	0.14635744056275884	0.03848912913487715	3.8025656556135536	1.4320529798178078e-4	0.07092013366208837	0.2217947474634293
fixed	NA	variationcselekszenek/cselekednek	-0.07866731115309927	0.06663286852130912	-1.180608202811223	0.23775840349069863	-0.2092653336414578	0.051930711335259255
fixed	NA	scale(i)	0.0819889147579202	0.02314029132940716	3.543123705349681	3.954171712297435e-4	0.03663477716051768	0.1273430523553227
fixed	NA	reg_distreversed:scale(abs_baseline_log_odds_jitter)	-0.5669250687810192	0.04932860846046142	-11.49282508618562	1.433460721055047e-30	-0.6636073647710014	-0.47024277279103704
ran_pars	base	sd__(Intercept)	0.2363070656907382	NA	NA	NA	NA	NA
ran_pars	part_id	sd__(Intercept)	0.2366450695783708	NA	NA	NA	NA	NA
