effect	group	term	estimate	std.error	statistic	p.value	conf.low	conf.high
fixed	NA	(Intercept)	0.8867027121164088	0.2511011561394238	3.5312569872201927	4.1358970612229357e-4	0.3945534896067696	1.3788519346260482
fixed	NA	reg_ratelow	-0.7957444807013736	0.24933590449825782	-3.1914556481653196	0.0014155784261025825	-1.2844338735706773	-0.3070550878320699
fixed	NA	reg_distreversed	0.013211689474851034	0.2494586134735812	0.052961448357645956	0.9577626243349123	-0.4757182085666663	0.5021415875163684
fixed	NA	baseline_log_odds_jitter	1.084430335650714	0.0730002320204189	14.855162862323338	6.441121581145582e-50	0.9413525100276252	1.2275081612738026
fixed	NA	variationcselekszenek/cselekednek	-0.5410812937060211	0.2523350437790937	-2.144297064737904	0.032009091860718146	-1.0356488915503825	-0.04651369586165971
fixed	NA	reg_distreversed:baseline_log_odds_jitter	-0.22731323011175786	0.09069431033141209	-2.5063670397968463	0.012197892437883428	-0.40507081196402445	-0.04955564825949127
ran_pars	base	sd__(Intercept)	0.3406222243051616	NA	NA	NA	NA	NA
ran_pars	part_id	sd__(Intercept)	1.5652482348154062	NA	NA	NA	NA	NA
