effect	group	term	estimate	std.error	statistic	p.value	conf.low	conf.high
fixed	NA	(Intercept)	0.9264487891076597	0.24788414472878598	3.7374265712770867	1.859133595626397e-4	0.44060479310072503	1.4122927851145943
fixed	NA	reg_ratelow	-0.8331863003814909	0.24604501801820186	-3.38631648424539	7.083763749947018e-4	-1.315425674272675	-0.3509469264903067
fixed	NA	reg_distreversed	-0.05468469942150334	0.24617914908256347	-0.22213375757165854	0.8242097595088437	-0.5371869653680443	0.42781756652503766
fixed	NA	baseline_log_odds_jitter	1.087567784168006	0.07452429118325077	14.593467001165324	3.090824742089383e-48	0.9415028574754587	1.2336327108605534
fixed	NA	variationcselekszenek/cselekednek	-0.5267253812016454	0.24929752539306485	-2.112838386065657	0.03461460293156905	-1.015339552407012	-0.03811120999627876
fixed	NA	reg_distreversed:baseline_log_odds_jitter	-0.1894517456081219	0.09213443932143865	-2.056253307703568	0.039758106389145204	-0.3700319284139326	-0.00887156280231119
ran_pars	base	sd__(Intercept)	0.34864266504219177	NA	NA	NA	NA	NA
ran_pars	part_id	sd__(Intercept)	1.5428369704123353	NA	NA	NA	NA	NA
