effect	group	term	estimate	std.error	statistic	p.value	conf.low	conf.high
fixed	NA	(Intercept)	0.9234554053114615	0.24609385979676127	3.7524520362844695	1.7511334290461065e-4	0.44112030329336	1.4057905073295631
fixed	NA	reg_ratelow	-0.844199282716778	0.24408164649225522	-3.4586757949601292	5.42837893682196e-4	-1.3225905191288354	-0.3658080463047207
fixed	NA	reg_distreversed	-0.056895113123246396	0.24418509884528505	-0.23299993894916154	0.8157614531753183	-0.5354891124213581	0.42169888617486534
fixed	NA	baseline_log_odds_jitter	1.0988248382709376	0.07477136303212217	14.695797879181052	6.858584116160426e-49	0.9522756596530085	1.2453740168888667
fixed	NA	variationcselekszenek/cselekednek	-0.5180073256651389	0.24756342876347825	-2.0924226500354473	0.03640072439303865	-1.0032227299308034	-0.03279192139947429
fixed	NA	reg_distreversed:baseline_log_odds_jitter	-0.20408161266984637	0.09171132975347493	-2.225260643569654	0.026063745860365327	-0.3838325159609339	-0.024330709378758864
ran_pars	base	sd__(Intercept)	0.360478536791203	NA	NA	NA	NA	NA
ran_pars	part_id	sd__(Intercept)	1.5306783699977846	NA	NA	NA	NA	NA
