Name	Model	AIC	AIC_wt	AICc	AICc_wt	BIC	BIC_wt	R2_conditional	R2_marginal	ICC	RMSE	Sigma	Log_loss	Score_log	Score_spherical
Model 1	glmerMod	9871.257388925931	0.004614214083754594	9871.269600003123	0.004654816483935243	9921.130866311232	0.8191829709767003	0.5079870096952684	0.13945310214010875	0.4282554599542139	0.4024573144850543	1	0.4866161402645003	-Inf	1.0938433583418928e-4
Model 2	glmerMod	9867.387699191584	0.03194406563926605	9867.403400859886	0.03216896146910088	9924.3859590605	0.16089646636179877	0.5083322183970662	0.1411507232763296	0.4275272798988163	0.40228848514608423	1	0.48629100455927154	-Inf	1.160538438771281e-4
Model 3	glmerMod	9861.301161744677	0.6699848820561762	9861.329957556196	0.6702988850385483	9939.673769064437	7.7062082949862e-5	0.5089533652523693	0.1503994909275875	0.4220264353610715	0.4023839183371159	1	0.486506154592384	-Inf	1.0938818053878943e-4
Model 4	glmerMod	9863.144137630317	0.2666047448478714	9863.178172756312	0.26603186901377135	9948.641527433692	8.69994999056736e-7	0.5089263549533307	0.15079970277121746	0.4217222407373117	0.4023835045990098	1	0.4865072310636346	-Inf	1.0941630511460727e-4
Model 5	glmerMod	9869.28209849671	0.012388724841948116	9869.301727722446	0.012451469235862336	9933.40514084924	0.001770337484612989	0.5083055911507058	0.14140712463330998	0.42732530986901096	0.4022875029158441	1	0.48628954055508733	-Inf	1.1606100642713413e-4
Model 6	glmerMod	9871.116147273824	0.004951855641793963	9871.144943085343	0.004954176436608059	9949.488754593584	5.695655535577779e-7	0.5075798992252669	0.14420022652632491	0.42460828334178075	0.40228093496563533	1	0.4863050777787043	-Inf	1.3545976121781525e-4
Model 7	glmerMod	9871.354117416726	0.004396361697843423	9871.428781754681	0.004298695526494314	9999.600202121788	7.481370194696318e-18	0.505362412461433	0.15032123421844193	0.4178534200703656	0.4023430978934751	1	0.48646375705680595	-Inf	1.0920438480416255e-4
Model 8	glmerMod	9873.468719013179	0.001527261883939821	9873.497514824698	0.001527977668428791	9951.841326332938	1.7566662343951924e-7	0.5045124135490583	0.14556135321206654	0.42010162073823104	0.40243462086981985	1	0.4866027645952304	-Inf	1.0928170878069099e-4
Model 9	glmerMod	9871.7605438548635	0.0035878893074064756	9871.776245523166	0.0036131491272508487	9928.75880372378	0.018071547866761992	0.5075184358285771	0.1425754216359883	0.42562695705423975	0.4024574817456739	1	0.48663217620383314	-Inf	1.0928215170064784e-4
